<!-- <!DOCTYPE hibernate-configuration PUBLIC
        "-//Hibernate/Hibernate Configuration DTD 3.0//EN"
        "http://www.hibernate.org/dtd/hibernate-configuration-3.0.dtd"> -->
        
<hibernate-configuration>
  <session-factory>
    <!-- hibernate properties -->
     <property name="show_sql">true</property>
     <property name="dialect">org.hibernate.dialect.Oracle10gDialect</property>
     <property name="hbm2ddl.auto">update</property>
     <property name="connection.provider_class">org.hibernate.proxool.internal.ProxoolConnectionProvider</property>
   
    <!-- Proxool pool properties -->  
      <property name="proxool.pool_alias">pool1</property>
      <property name="proxool.xml">com/nt/cfgs/proxool.cfgs.xml</property>
    <!-- mapping file name -->
    <mapping resource="com/nt/cfgs/Employee.hbm.xml"/>
  </session-factory>
</hibernate-configuration>
