<!DOCTYPE hibernate-mapping PUBLIC
        "-//Hibernate/Hibernate Mapping DTD 3.0//EN"
        "http://www.hibernate.org/dtd/hibernate-mapping-3.0.dtd">

<hibernate-mapping>
    <class name="com.nt.domain.EmpDetails" table="Employee">
        <id name="no" column="EID">
           <generator class="org.hibernate.id.enhanced.SequenceStyleGenerator">
                <param name="sequence_name">EID_GEN</param>
                <param name="initial_value">600</param>
                <param name="increment_size">3</param>
           </generator>
        </id> 
        <property name="fname" column="FIRSTNAME" length="15" type="string"  not-null="true"/>
        <property name="lname" column="LASTNAME" length="10" type="string" not-null="true"/>
        <property name="mail" column="EMAIL" length="30" type="string"  />
     
 </class> 
</hibernate-mapping>
