<!-- <!DOCTYPE hibernate-configuration PUBLIC
        "-//Hibernate/Hibernate Configuration DTD 3.0//EN"
        "http://www.hibernate.org/dtd/hibernate-configuration-3.0.dtd"> -->
        
<hibernate-configuration>
  <session-factory>
    <!-- connection properties -->
    <property name="connection.driver_class">com.mysql.jdbc.Driver</property>
    <property name="connection.url">jdbc:mysql:///nthb57db</property>
    <property name="connection.username">root</property>
    <property name="connection.password">root</property>
    <!-- hibernate properties -->
     <property name="show_sql">true</property>
     <property name="dialect">org.hibernate.dialect.MySQL5Dialect</property>
    <!-- mapping file name -->
    <mapping resource="com/nt/cfgs/Employee.hbm.xml"/>
  </session-factory>
</hibernate-configuration>
