<!-- <!DOCTYPE hibernate-mapping PUBLIC
        "-//Hibernate/Hibernate Mapping DTD 3.0//EN"
        "http://www.hibernate.org/dtd/hibernate-mapping-3.0.dtd"> -->

<hibernate-mapping>
    <class name="com.nt.domain.EmpDetails" table="Employee">
<!--         <id name="no" column="EID"/> Singular ID filed cfg -->
<!--         <property name="fname" column="FIRSTNAME"/> -->
<!--         <property name="lname" column="LASTNAME"/> -->
<!--         <property name="mail" column="EMAIL"/> -->
       <id name="no">
           <column name="EID"/>
       </id>
       <property name="fname">
         <column name="FIRSTNAME"/>
       </property>
       <property name="lname">
         <column name="LASTNAME"/>
       </property>
       <property name="mail">
         <column name="EMAIL"/>
       </property>
</class> 
</hibernate-mapping>
