<!DOCTYPE hibernate-configuration PUBLIC
        "-//Hibernate/Hibernate Configuration DTD 3.0//EN"
        "http://www.hibernate.org/dtd/hibernate-configuration-3.0.dtd"> 
        
<hibernate-configuration>
  <session-factory>
      <property name="connection.driver_class">oracle.jdbc.driver.OracleDriver</property>
    <property name="connection.url">jdbc:oracle:thin:@localhost:1521:xe</property>
    <property name="connection.username">system</property>
    <property name="connection.password">manager</property>
      <property name="show_sql">true</property>
     <property name="dialect">org.hibernate.dialect.Oracle10gDialect</property>
     <property name="hbm2ddl.auto">update</property>
     <property name="connection.pool_size">10</property>
    <mapping resource="com/nt/cfgs/Employee.hbm.xml"/>
  </session-factory> 
  
  <!-- <session-factory>
    connection properties
    <property name="connection.driver_class">org.gjt.mm.mysql.Driver</property>
    <property name="connection.url">jdbc:mysql:///nthb57db</property>
    <property name="connection.username">root</property>
    <property name="connection.password">root</property>
    hibernate properties
     <property name="show_sql">true</property>
     <property name="dialect">org.hibernate.dialect.MySQL5Dialect</property>
     <property name="hbm2ddl.auto">update</property>
     <property name="connection.pool_size">10</property>
    mapping file name
    <mapping resource="com/nt/cfgs/Employee.hbm.xml"/>
  </session-factory> -->
 </hibernate-configuration>
