<?xml version='1.0' encoding='UTF-8'?>
<!DOCTYPE hibernate-configuration PUBLIC
"-//Hibernate/Hibernate Configuration DTD 3.0//EN"
"http://hibernate.sourceforge.net/hibernate-configuration-3.0.dtd">

<hibernate-configuration>
	<session-factory>
		<property name="hibernate.connection.driver_class">oracle.jdbc.driver.OracleDriver</property>
		<property name="hibernate.connection.url">jdbc:oracle:thin:@localhost:1521:xe</property>
		<property name="hibernate.connection.username">system</property>
		<property name="hibernate.connection.password">manager</property>
		<property name="dialect">org.hibernate.dialect.Oracle10gDialect</property>
		<property name="show_sql">true</property>
        <mapping class="com.nt.domain.Person"/>
        <mapping class="com.nt.domain.License"/>
	</session-factory>
</hibernate-configuration>




