<!-- <!DOCTYPE hibernate-mapping PUBLIC
        "-//Hibernate/Hibernate Mapping DTD 3.0//EN"
        "http://www.hibernate.org/dtd/hibernate-mapping-3.0.dtd"> -->

<hibernate-mapping>
    <class name="com.nt.domain.Proj_Prgmr" table="Projects_Programmers">
       <composite-id  name="id"  class="com.nt.cid.ProjPrgmrId">
         <key-property name="proj_id"/>
         <key-property name="prgmr_id"/>
       </composite-id>
       <property name="proj_name"/>
       <property name="prgmr_name"/>
 </class> 
</hibernate-mapping>
