<!-- <!DOCTYPE hibernate-mapping PUBLIC
        "-//Hibernate/Hibernate Mapping DTD 3.0//EN"
        "http://www.hibernate.org/dtd/hibernate-mapping-3.0.dtd"> -->

<hibernate-mapping>
    <class name="com.nt.domain.EmpDetails" table="Employee">
        <id name="no" column="EID"/> 
        <property name="fname" column="FIRSTNAME" />
        <property name="lname" column="LASTNAME" />
        <property name="mail" column="EMAIL" />
 </class> 
 <sql-query name="EMP_DETAILS" callable="true">
  <return class="com.nt.domain.EmpDetails"/>
   {?= call EMP_DETAILS_BY_INITCHARS(?)}
 </sql-query>
 
</hibernate-mapping>

