<!DOCTYPE hibernate-mapping PUBLIC
        "-//Hibernate/Hibernate Mapping DTD 3.0//EN"
        "http://www.hibernate.org/dtd/hibernate-mapping-3.0.dtd">

<hibernate-mapping>
    <class name="com.nt.domain.EmpDetails" table="Employee">
        <id name="no" column="EID"/> 
        <property name="fname" column="FIRSTNAME" />
        <property name="lname" column="LASTNAME" />
        <property name="mail" column="EMAIL" />
    <filter name="EMPS_BY_RANGE" condition="EID>=:min and EID &lt;=:max"/>
 </class> 
 
 <filter-def name="EMPS_BY_RANGE">
    <filter-param name="min" type="int"/>
    <filter-param name="max" type="int"/>
</filter-def>

</hibernate-mapping>

